job_id,job_name,riasec_source,awareness_score,awareness_label,riasec_現実的,riasec_現実的_z,riasec_研究的,riasec_研究的_z,riasec_芸術的,riasec_芸術的_z,riasec_社会的,riasec_社会的_z,riasec_企業的,riasec_企業的_z,riasec_慣習的,riasec_慣習的_z,PC1,PC2,PC3,PC4,description
2,洋菓子製造、パティシエ,observed,2,知っている,3.345,0.02271713136745783,3.0,-0.3398859821886052,2.945,0.37914482639384733,3.236,-0.48645373741808906,2.836,-0.7122613474190524,3.455,0.8644615235778776,-0.7708546305345895,0.24556771595515686,0.403847918523904,0.7170764078320223,洋菓子店や菓子工場で洋菓子を製造する。
11,ハム・ソーセージ・ベーコン製造,observed,0,知らない,3.304,-0.08574770315384769,2.739,-0.93122215980783,2.543,-0.42006991388723464,2.826,-1.3210646399693593,2.652,-1.2227223158301164,3.326,0.44048821107077707,-2.032450327422143,0.29982253936928044,-0.1276265399454391,0.23978366666417725,原料肉を分割・整形した後、塩づけ、くん煙などの加工をして、ハム・ソーセージ・ベーコンを製造する。
12,ワイン製造,observed,1,名前は聞いたことがある,3.708,0.9830277394463249,3.292,0.32168552687198265,2.958,0.4049900791890074,3.375,-0.20350028508973209,3.292,0.5527940960344555,3.375,0.6015323375269623,0.4347153366473912,0.7088251003263857,0.8229215311771728,0.0860223755538336,ブドウからワインを醸造する作業に従事する。
13,ビール製造,observed,1,名前は聞いたことがある,3.594,0.6814425898017211,3.469,0.7227066128436408,3.031,0.5501211141156716,3.313,-0.32970973864626524,3.219,0.3502742553061528,3.219,0.08882042472767752,0.6299049605691494,0.8527336628263907,0.29179993189495074,-0.12463717074642375,ビール醸造所（ブルワリー）において、ビールの製造に従事する。
15,野菜つけ物製造,observed,0,知らない,3.382,0.12060003081351295,2.818,-0.7522353474249992,2.545,-0.41609372114951826,2.927,-1.115465368853071,2.691,-1.1145267844821196,3.236,0.14469287676349812,-1.7383219615885972,0.41182672724404884,-0.18048921223994804,0.13166718101806887,野菜を材料にしたつけ物を製造するため、材料の選別、洗浄、カット、漬け込み、塩抜き、計量、殺菌、検査、包装などの作業を行う。
17,ガラス食器製造,observed,0,知らない,3.286,-0.13336641099246865,3.184,0.07699469475368367,3.347,1.1783595666749302,2.959,-1.050325005727118,2.918,-0.4847733071489032,3.082,-0.3614458063845145,-0.12713862055095415,0.9314906507477102,-0.9252822492969733,0.514495368737922,毎日の生活で使われるコップや皿などガラス製の食器を成形する。
18,プラスチック成形,observed,0,知らない,3.553,0.5729777552804168,3.149,-0.002303260099469359,2.447,-0.6109271652976426,2.702,-1.5734835470824267,2.894,-0.5513551725938247,3.298,0.3484629959529567,-1.3652388892648144,0.9385465686640725,0.25006222848187315,-0.6497431706284725,プラスチックに熱を加えて成形機で成形し、さまざまな製品を作る。
21,土木設計技術者,observed,0,知らない,3.31,-0.06987480054097327,3.38,0.5210632419313382,2.972,0.4328234283530248,3.239,-0.4803468283750317,3.197,0.28924087864830866,3.254,0.20385194362495332,0.346688920661888,0.3056622957242065,0.01628071421134663,-0.14392754745523323,橋、道路、鉄道、ダム、トンネルなど土木工事を進めるにあたって、調査・計画・設計を行う。
25,大工,observed,2,知っている,4.209,2.308415107621289,3.179,0.0656664154889468,3.164,0.8145379311738407,3.522,0.09573825802011308,3.164,0.19769081366154187,3.418,0.7428567750293297,0.4176834741590731,1.60943309318562,1.4071451310595782,0.8026800558342763,一般住宅、とりわけ木造住宅の新築や増改築の計画、構造施工の中核的な作業を行う。
26,型枠大工,observed,0,知らない,3.917,1.5359338471280959,2.883,-0.60496771698343,2.85,0.19027567135229848,3.183,-0.5943424638454491,2.883,-0.5818718609227475,3.283,0.29916377356840973,-0.8833751068817531,1.241188447858226,0.5567456710400678,0.5856046264902711,鉄筋コンクリートの鋳型の役割を果たす型枠を作り、工事現場で組み立てる。
27,鉄筋工,observed,0,知らない,3.927,1.5623886848162196,3.127,-0.052147688864308754,2.873,0.23600188783604226,3.091,-0.7816210078325626,2.945,-0.40986870852336743,3.345,0.5029338927578698,-0.5920561989349232,1.4624974177372587,0.7765338530438525,0.26573829631041374,鉄筋コンクリート構造物の骨組みとなるかご状の鉄筋を加工して組み立てる。
28,鉄骨工,observed,0,知らない,3.74,1.0676832200483188,2.98,-0.3851990992475497,2.78,0.051108925532208895,2.9,-1.1704275502405939,2.74,-0.9785888091987374,3.26,0.22357163257877125,-1.2888457982308987,1.3212062837845133,0.21104081020003276,0.267162154677863,高層ビルをはじめ大規模な建築物や構造物を支える鉄骨を工場で製作する。
32,潜水士,observed,1,名前は聞いたことがある,3.31,-0.06987480054097327,3.172,0.04980682451831701,2.793,0.07695417832736896,3.138,-0.6859460994913201,3.172,0.21988476880984906,2.966,-0.7426931261583402,-0.05040272948266926,0.2866324475699774,-0.792681706688641,-0.40998747467853375,潜水具を着用して水中に潜り、海底や川底の調査や測量、護岸や防波堤の建設工事、船底の状況の調査や破損修理、沈没船の解体や引揚げなどの水中作業をする。
33,さく井工/ボーリング工,observed,0,知らない,3.963,1.6576261004934627,3.556,0.9198186720500493,2.185,-1.1318084139385471,3.296,-0.3643155565569284,2.926,-0.4625793520005961,3.037,-0.509343473538154,-0.3802278283394481,1.2884800044104143,0.6975012193481248,-1.2341999281816534,掘削機などを操作して地下に向かって穴を掘削し、井戸、温泉、油井などを掘る。
40,建築塗装工,observed,0,知らない,3.565,0.6047235605061645,3.032,-0.2673849948942941,3.097,0.6813354744603266,3.21,-0.5393802824579262,2.968,-0.346061087471984,3.145,-0.15438907236941837,-0.2636344613298446,0.8522917477163904,-0.23798180743245642,0.556187881550845,建築物の外部や内部に塗料を塗って美しく彩り、日光や雨、湿気、大気汚染などで傷んだり汚れたりするのを防ぎ、快適な室内空間となるように仕上げる。
47,送電線工事,observed,0,知らない,3.771,1.1496932168814995,2.833,-0.7182505096307906,2.5,-0.5055580577481468,3.354,-0.2462486483911384,2.875,-0.6040658160710546,3.229,0.12168657298404266,-1.0915482244330268,0.5577131469504746,0.5200761642064937,0.23131435774539347,架空送電線の架設、敷設、接続の作業を行う。
48,解体工,observed,1,名前は聞いたことがある,3.643,0.811071294473524,2.607,-1.2302887323968623,2.25,-1.0025821499627503,3.214,-0.5312377370671821,2.857,-0.6540022151547451,2.982,-0.6901072889481572,-1.6231873232403067,0.25900370778222165,-0.315947071223329,-0.129962718892935,既存の建築物や工作物を道具や機械を用いて取り壊し（解体工事）、特定の建材については分別を行う。
50,銀行支店長,observed,2,知っている,2.857,-1.2682789478129475,2.889,-0.5913737818657472,2.444,-0.6168914544042181,3.73,0.5191506183388065,3.794,1.9454647815907302,3.286,0.3090236180453194,0.5725304852545375,-2.1194713692422873,-0.026392947800414603,-0.5105684642103052,金融機関の支店全体の運営管理と業務活動の立案・推進をする。
52,スーパー店長,observed,2,知っている,2.985,-0.9296570254049732,2.779,-0.8405959256899411,2.676,-0.1556530968290655,3.691,0.4397608007790513,3.485,1.088223263987366,3.221,0.09539365437895114,0.19751294972676514,-1.5248416906982707,-0.2652657735389835,0.14242220482199544,食料品や家庭用品など、日常生活で必要となる様々な品物を扱うスーパーで、商品の管理と従業員の人事管理を行う。
53,スーパーレジ係,observed,2,知っている,3.241,-0.25241318058902223,2.443,-1.6018562922802069,2.418,-0.6685819599945364,4.025,1.1196633409061845,2.747,-0.9591690984439695,3.671,1.5743703259153474,-1.4429583984877543,-1.50806920416873,1.3410185520640412,1.4044349338466728,スーパーなどのレジカウンターで買い上げ品の代金を計算し、商品と代金の受け渡しを行う。
60,医薬情報担当者（MR）,observed,0,知らない,2.758,-1.5301818409253662,3.318,0.38059257904861094,2.273,-0.9568559334790065,4.136,1.3456189754993326,3.773,1.8872056493264242,3.333,0.4634945148502325,1.2530592188915595,-2.5368986439151127,0.5100679191330642,-0.9153198717134434,製薬会社に勤務し、自社の医薬品を中心に、医療従事者に対し、医薬品の効果、使い方などの情報を提供するとともに、医療現場からの情報収集等を行う。
65,書店員,observed,2,知っている,3.329,-0.019610608933539105,2.945,-0.4644970541007027,3.247,0.9795499297890886,3.973,1.0138102508265103,3.219,0.3502742553061528,3.411,0.7198504712498742,0.6953081182852673,-0.5743798396715549,0.531786685509596,1.341982885882609,書店で新刊書籍や雑誌のレイアウトや販売、取次との連絡業務を行う。
69,ペットショップ店員,observed,2,知っている,3.325,-0.03019254400878834,2.961,-0.42824656045354714,2.727,-0.05426018201728694,3.896,0.8570662520546865,3.299,0.5722138067892246,3.104,-0.2891402802205121,0.4446742923359395,-0.7718693881156004,-0.027402914678909714,0.26161240862054974,ペットショップで、ペットや、ペットに関する様々な用具・用品を販売するほか、ペットに関する相談へのアドバイスなどを行う。
70,衣料品販売,observed,2,知っている,2.789,-1.4481718440921845,2.724,-0.9652069976020375,3.237,0.9596689661005049,4.158,1.3904029751484257,3.197,0.28924087864830866,2.882,-1.0187687715118012,0.8183529521935516,-1.6439399543930275,-1.431627627176304,1.2789141330230136,洋服を中心とする服飾用品雑貨を販売する。
71,検針員,observed,0,知らない,3.576,0.6338238819631002,2.797,-0.7998141203368906,2.508,-0.48965328679727943,3.424,-0.10375410405311704,2.525,-1.575051353809493,3.508,1.0386521093366086,-1.7203977461426119,0.22142656582632847,1.0371556795496455,0.8160994887045347,担当地域の顧客を戸別に巡回して、水道、電気、ガスなどのメーターの数字を読み取って情報端末に入力し、使用量を算出した検針票を顧客に渡す。
74,駅構内売店店員,observed,2,知っている,3.087,-0.6598176809861171,2.261,-2.0142056575166007,2.464,-0.5771295270270498,4.029,1.1278058862969278,2.957,-0.3765777758009067,3.435,0.7987292270651488,-1.1926276871904942,-1.9171958604877761,0.4596429303578279,1.306943641973144,駅の構内やホームの売店で、新聞、雑誌、タバコ、飲食物などを販売する。
79,ファイナンシャル・プランナー,observed,1,名前は聞いたことがある,2.5,-2.2127166532789415,3.067,-0.18808704004114107,2.283,-0.9369749697904228,3.833,0.7288211621504674,3.5,1.129836929890442,3.033,-0.5224899328406998,0.43045015048587465,-2.5527758693770553,-0.8654778576988938,-0.8375979363694473,相談者の生活設計、貯蓄計画、投資、保険など、総合的な資産設計（ファイナンシャル・プランニング）を企画立案し、その実行を支援する。
88,弁理士,observed,0,知らない,3.544,0.5491684013611063,3.721,1.2936518877863408,2.544,-0.4180818175183764,3.338,-0.27881882995411483,3.029,-0.17683217946614208,3.309,0.3846157590349579,0.19085904033557394,0.6539788460229303,0.8540710637099415,-0.8414327512690214,知的財産に関する専門知識を活かし、特許庁への手続き等をはじめ企業の産業財産権全般についての業務に携わる。
89,税理士,observed,1,名前は聞いたことがある,2.611,-1.9190679549407748,3.333,0.4145774168428195,2.208,-1.0860821974548034,3.806,0.6738589807629445,3.319,0.6276986946599925,3.542,1.1503970134082468,0.13704075881319894,-2.3055054314606402,0.7215513516369026,-0.7230054989924477,企業や個人の依頼により、所得税、法人税、住民税などの税金についての相談を受けたり、申告や申請に伴う税務書類の作成や手続きの代行を行う。
90,不動産鑑定士,observed,0,知らない,2.954,-1.0116670222381539,3.338,0.4259056961075554,2.277,-0.9489035480035729,3.323,-0.3093533751694055,3.077,-0.043668448576299,3.015,-0.581648999702155,-0.3176118899209997,-0.751294460134487,-0.6011655117069729,-1.105059387896205,不動産鑑定評価基準に基づいて土地や建物の経済的価値を判断し、適正な価格を決める。
92,ビル施設管理,observed,0,知らない,3.889,1.4618603016013512,2.963,-0.4237152487476522,2.241,-1.020475017282476,3.685,0.42754698269293556,2.87,-0.6179370380387463,3.519,1.07480487241861,-1.0195940061685311,0.22491974729299924,1.7984032685570124,0.18672426819585655,オフィスビルや商業ビルなどにおいて、電力設備、空調設備、給排水設備などの運転・調整や管理を行う。
93,駐車場管理,observed,1,名前は聞いたことがある,3.242,-0.24976769682021024,2.47,-1.5406835842506315,2.015,-1.4697847966444775,3.545,0.14255789401689192,2.864,-0.6345825043999773,3.591,1.3114411398644334,-2.0050304519934103,-1.3363754777252757,1.0868447064213553,0.32652023065375607,駐車場に駐車する車の出入り・配置などを管理し、利用者の車を安全に保管する。
96,西洋料理調理人（コック）,observed,2,知っている,3.389,0.1391184171951982,3.389,0.541454144607863,3.389,1.2618596141669833,3.597,0.24841098409656528,3.319,0.6276986946599925,3.403,0.6935575526447827,1.1686115548840716,0.24389475704922847,0.48641820518343487,0.6801638186486475,ホテルのレストランや西洋料理専門店で、フランス料理などの洋食料理を、味だけでなく、見た目にも美しく作り上げる。
104,バーテンダー,observed,2,知っている,3.081,-0.6756905835989916,3.216,0.1494956820479948,3.378,1.2399905541095413,4.149,1.372082248019251,3.122,0.08117254913292857,3.041,-0.49619701423560825,1.347578052990658,-0.6928057351577108,-0.5556352948814445,1.1168184649380775,バー、パブなどのカウンターでお客の注文に応じて、カクテルを作ったり、その他の酒類等を提供する。
110,キャディ,observed,1,名前は聞いたことがある,3.305,-0.08310221938503451,2.763,-0.8768464193370966,2.475,-0.555260466969607,4.288,1.6550357003476086,2.627,-1.2920784256685771,3.203,0.03623458751749447,-0.6982504896802196,-1.102647600936187,0.4549540125816233,1.0670723783154128,ゴルフ場でプレーヤーと一緒にコースをまわり、スムーズにプレーが進むように手助けをする。
114,エステティシャン,observed,2,知っている,3.452,0.305783894630374,3.479,0.7453631713731135,2.849,0.18828757498344026,4.493,2.072341151623244,3.315,0.6166017170858389,3.247,0.18084563984549787,1.6828573484879032,-0.7696418660361382,1.0051372648519739,0.3548413561232322,顔や身体の手入れなどの「全身美容」を行う。
115,メイクアップアーティスト,observed,2,知っている,3.294,-0.11220254084197019,3.25,0.22652798104819985,4.221,2.9159557930571847,4.279,1.6367149732184338,3.015,-0.215671600975679,2.426,-2.517465132002017,2.4345783030106296,0.5280127109148173,-2.290344694763049,1.9941515151604576,メイクアップやヘアセットの技術を駆使して、個性やイメージを表現し、人をより美しく演出する。
117,スポーツインストラクター,observed,2,知っている,3.462,0.3322387323184976,3.244,0.212934045930517,3.09,0.6674187998783174,3.974,1.0158458871741969,3.449,0.9883504658199835,3.141,-0.16753553167196414,1.391479951553905,-0.27088220132561425,0.20553212207036356,0.4027678998313507,健康志向から競技志向までの様々な目的を持った人に対して、運動・スポーツの実技を中心に指導を行う。
118,自動車教習指導員,observed,2,知っている,3.529,0.5094861448289214,3.5,0.7929419442850049,2.443,-0.6188795507730762,4.1,1.272336066982635,3.243,0.4168561207510743,3.786,1.9523310308635384,0.5996251069211537,-0.7059112923525863,2.490320418788788,-0.034572045694859534,自動車教習所で、法律に定められたカリキュラムに沿って自動車の安全運転に必要な技能と知識を教える。
119,音楽教室講師,observed,2,知っている,3.293,-0.11484802461078221,3.733,1.3208397580217075,4.453,3.377194150632337,4.067,1.205160067508997,3.333,0.6665381161695307,3.213,0.06910073577385961,3.099968216072548,0.65678226602848,-0.25603928616467586,1.9106535460973264,ピアノ、バイオリン、フルート、ギターなど各種の楽器を自分で演奏できるようになりたい、という人々のために、音楽や楽器の基礎を教える。
120,ビデオレンタル店店員,observed,0,知らない,3.135,-0.5328344600831275,2.635,-1.1668503685143412,2.946,0.38113292276270644,3.743,0.5456138908587247,2.716,-1.0451706746436589,3.432,0.7888693825882391,-0.9137597058681829,-0.7948125122871383,0.23728012341371288,1.5524517209681383,ビデオレンタル店で、映画やドラマなどのDVD、ブルーレイ、音楽CDなどの貸出と返却の受付を行うほか、商品管理や顧客情報の管理などを行う。
124,ピアノ調律師,observed,1,名前は聞いたことがある,3.83,1.305776759241426,3.851,1.5881871486694792,3.596,1.6733955625206756,3.596,0.24637534774887948,2.936,-0.4348369080652127,3.191,-0.0032047903901428194,1.4696561016507088,1.8578022776610337,0.5022325863924655,0.6616544443391237,ピアノの構造や性質等を踏まえピアノの音の調節を行う。
125,ネイリスト,observed,2,知っている,3.844,1.3428135320047976,3.727,1.3072458229040236,4.455,3.3811703433700537,4.312,1.7038909726920732,3.208,0.31975756697723134,3.221,0.09539365437895114,3.13984150037639,1.4956855343009194,0.5080405371757033,2.270037050641792,爪の施術を通して爪を整え美しく装う。
129,介護支援専門員/ケアマネジャー,observed,1,名前は聞いたことがある,2.795,-1.4322989414793112,2.91,-0.5437950089538547,2.577,-0.35247463734604895,3.974,1.0158458871741969,3.192,0.27536965668061697,3.128,-0.21026152440523752,0.14210646174966246,-1.8935453045389448,-0.451962575821354,0.21566287836220507,介護を必要とする人にニーズに応じた介護サービスを提供するために、現状の調査やサービスの計画を行う。
133,キャリアカウンセラー/キャリアコンサルタント,observed,0,知らない,2.443,-2.3635092281012424,3.029,-0.27418196245313603,2.386,-0.7322010437980058,4.457,1.999058243106546,3.557,1.2879688603221304,2.757,-1.429595624716356,1.2736444053009168,-3.140526571724539,-1.3529846156915697,-0.47654563921865517,相談者の職業の選択、職業生活の設計、職業能力の開発・向上に関する相談に応じ、助言や指導を行う。
134,福祉用具専門相談員,observed,0,知らない,3.543,0.5465229175922943,3.014,-0.3081668002473446,2.443,-0.6188795507730762,3.943,0.9527411603959299,3.214,0.3364030333384611,3.3,0.35503622560422887,0.07246650857487247,-0.6153856379749397,0.9252686628748444,0.08606151191383668,車椅子や特殊ベッドなどの福祉用具の貸与サービス・販売を行う事業所に勤務し、利用者や家族に対して適切な用具の選び方、使い方をアドバイスする。
139,麻薬取締官,observed,1,名前は聞いたことがある,3.625,0.763452586634903,3.75,1.35935590752181,1.696,-2.103987538310312,4.458,2.0010938794542326,3.792,1.9399162928036529,3.458,0.8743213680547873,1.5228608836013577,-1.454262600267006,2.4900223366054512,-1.8025181495401215,特別司法警察員として、非合法に取引されている薬物の取締り、中毒者対策、薬物乱用防止の啓発活動を行う。
141,裁判官,observed,2,知っている,2.615,-1.9084860198655256,3.885,1.6652194476696842,2.346,-0.8117248985523424,4.0,1.068772432214033,3.346,0.7026032932855295,3.462,0.8874678273573331,1.189487238452505,-2.001077564638823,0.8082101363713436,-1.1142491053981414,裁判所に訴えられる様々な事件について、憲法及び法律に基づいて判断を行う。
143,家庭裁判所調査官,observed,0,知らない,3.0,-0.8899747688727883,4.0,1.925769870758615,2.737,-0.03437921832870234,4.9,2.9008451451314556,3.789,1.9315935596230387,3.105,-0.285853665394876,3.344799222049481,-1.9723118979925878,0.6905811129741931,-0.6823406052230803,行動科学等の専門的な知見や技法を活用して、家庭内の紛争解決や非行少年の立ち直りに向けた調査活動を行う。
149,陸上自衛官,observed,2,知っている,3.3,-0.09632963822909693,2.871,-0.6321555872187966,2.2,-1.1019869684056707,3.529,0.10998771245391549,3.129,0.10059225988769765,3.286,0.3090236180453194,-0.8218806698650357,-0.8523940089774985,0.4401712350601411,-0.3367493114326762,日本の平和と安全を保つため、外国の侵略を未然に防止し、万一侵略があった場合に対処するほか、大規模な自然災害などに対応し、人命や財産の保護にあたる。
152,消防官,observed,2,知っている,3.552,0.5703322715116048,3.239,0.20160576666578015,2.388,-0.7282248510602893,3.403,-0.14650246735452335,2.94,-0.4237399304910591,3.239,0.15455272124040634,-0.5696447443886434,0.25955046237327056,0.580004904368654,-0.4298939902587454,火災や交通事故、地震、水害などのさまざまな災害現場に急行し、火災の消火や人命救助にあたる。
154,助産師,observed,2,知っている,3.382,0.12060003081351295,3.329,0.40551479343103064,2.526,-0.45386755215782837,4.487,2.0601273335371273,3.118,0.07007557155877497,3.092,-0.3285796581281494,0.9919277096559361,-1.0168069954761862,0.6175519559094135,0.12819096920020942,出産の介助、妊産婦の相談、妊娠から産後までの母子の保健指導を行う。
155,薬剤師,observed,2,知っている,3.224,-0.2973864046588312,3.358,0.47121881316649983,2.254,-0.9946297644873167,4.09,1.2519797035057751,3.104,0.03123615004923803,3.493,0.9893528869520616,0.18854792315290614,-1.2546053415656597,1.4148943393640299,-0.2681369372598414,薬学の専門家として、病院や薬局などで薬の調合や服薬指導、管理などを行う。
158,臨床検査技師,observed,0,知らない,3.803,1.2343486974834934,3.746,1.350293284110021,2.268,-0.9667964153232993,3.535,0.1222015305400321,2.704,-1.0784616073661197,3.592,1.3147277546900695,-0.4651795589446838,0.8441391727630064,2.1393238833689985,-0.5933618386528641,医師又は歯科医師の指示の下に、主に医療機関で臨床検査を行う。
162,歯科技工士,observed,0,知らない,3.879,1.4354054639132288,3.561,0.9311469513147852,3.5,1.4825383111102677,3.091,-0.7816210078325626,2.621,-1.308723892029807,3.394,0.6639780192140551,0.004452303308211218,2.3008654416932934,0.6966091618580229,0.9387687221980093,歯科医師の指示にしたがって、人工的な歯を作ったり、修繕したりする。
166,言語聴覚士,observed,0,知らない,3.143,-0.511670589932629,3.701,1.2483387707273963,2.727,-0.05426018201728694,4.39,1.862670607811582,3.26,0.46401827544122676,2.896,-0.9727561639528918,1.840730793841225,-0.969775895444628,-0.1476995267530592,-0.38519021601011655,ことばによるコミュニケーションや嚥下（えんげ）に困難を抱える人を対象に、問題の程度、発生のメカニズムを評価し、その結果に基づいて訓練、指導等を行う。
168,栄養士,observed,2,知っている,3.393,0.14970035227044745,3.623,1.0716176141975136,2.689,-0.12980784403390633,4.246,1.569538973744796,3.443,0.9717049994587538,3.738,1.7945735192329892,1.421306865640852,-0.9546599635920733,2.2322946671312596,0.03918190565289705,病院、社会福祉施設、企業、学校、行政機関などで、栄養に関する指導・助言や食事の管理などを行う。
172,はり師・きゅう師,observed,1,名前は聞いたことがある,3.179,-0.41643317425538595,3.776,1.4182629596984373,3.015,0.5183115722139369,4.075,1.2214451582904853,2.94,-0.4237399304910591,2.985,-0.680247444471249,1.391776985987636,-0.16774973284726746,-0.19504606886346765,0.05147365987687382,東洋医学や現代医学に基づき、患者の症状の改善のためにはりやきゅうでツボを刺激する。
174,幼稚園教員,observed,2,知っている,3.147,-0.5010886548573799,3.16,0.022618954282950337,3.573,1.6276693460369318,4.253,1.5837884281785977,3.187,0.26149843471292405,3.2,0.026374743040586245,1.5673144506033014,-0.692641947389224,-0.13489267121032164,1.5891726258876377,小学校に上がる前の幼児が通う幼稚園での生活全体を通して、子どもたちの心身の発達を促すための教育を行う。
180,学芸員,observed,0,知らない,3.702,0.9671548368334505,4.298,2.6009353149368866,3.807,2.0928838963498007,4.0,1.068772432214033,3.649,1.543199344527663,3.298,0.3484629959529567,3.5598563391282743,1.1515181552626408,0.9959887651103132,0.16479235159465985,学芸員資格を持った専門職員として、博物館や美術館などで、歴史、芸術、民俗、産業、自然科学についての資料を収集、保管、展示するとともに関係する調査研究を行う。
186,船舶機関士,observed,0,知らない,4.05,1.8877831883801326,3.2,0.11324518840083923,2.35,-0.8037725130769088,2.975,-1.0177548241641416,2.7,-1.0895585849402731,3.15,-0.13795599824123653,-1.3427523283182967,1.7376199473500944,0.6403468969777233,-0.5331499605813823,船舶の機関部で機関員を指揮しながら、エンジン（主機関）、発電機、ボイラー、その他の各種機器の管理を行う。
188,鉄道車掌,observed,2,知っている,3.182,-0.40849672294894873,2.515,-1.4387290708680067,2.106,-1.2888680270783623,3.515,0.08148880358631158,2.606,-1.3503375579328831,3.621,1.410039584633526,-2.2886599630548035,-1.1635212254108727,1.0415029246941825,0.617026064706655,列車に乗務し、乗客が目的地まで安全・快適に乗車できるよう各種のサービスを行う。
189,空港グランドスタッフ,observed,2,知っている,3.179,-0.41643317425538595,2.714,-0.9878635561315103,2.429,-0.6467128999370946,3.982,1.032130977955685,3.161,0.18936808048092638,3.268,0.24986455118386278,-0.33406897545129427,-1.4806640068943608,0.3315456435790087,0.41793080250466635,空港での旅客の搭乗手続（カウンター業務）と、飛行機への搭乗の案内・誘導（ゲート業務）を行う。
191,鉄道運転計画・運行管理,observed,0,知らない,3.348,0.030653582673893873,3.348,0.44856225463702715,2.413,-0.6785224418388291,3.391,-0.17093010352675567,3.457,1.0105444209682908,3.696,1.6565356965562594,0.09434104841247086,-0.5607585040999115,1.5970814898771062,-0.666537808312451,社会経済動向や鉄道会社の経営方針を踏まえ、列車の運転計画を立て、列車ダイヤを作成する。
193,ガソリンスタンド・スタッフ,observed,2,知っている,3.577,0.6364693657319123,2.761,-0.8813777310429906,2.239,-1.0244512100201932,3.93,0.9262778878760117,3.014,-0.21844584536921832,3.549,1.1734033171877023,-0.8504098611866854,-0.8339092253702018,1.5908175110382001,0.4467284286647281,ガソリンスタンドにおいて、ガソリン・軽油や灯油の販売を行う。
195,タクシー配車オペレーター,observed,0,知らない,3.152,-0.48786123601331743,2.803,-0.7862201852192078,2.439,-0.62683193624851,3.53,0.1120233488016013,3.136,0.12001197064246674,3.303,0.36489607008113856,-0.6864536528948058,-1.0147930106662972,0.1622978734513809,0.059169783172785005,タクシー会社で利用客からの電話を受け、無線設備や車両検索用端末、電話機など通信関係機器を操作して送迎の手配をする。
196,引越作業員,observed,2,知っている,3.161,-0.46405188209400694,2.597,-1.252945290926335,2.435,-0.6347843217239436,3.113,-0.7368370081834705,2.758,-0.9286524101150468,2.968,-0.7361198965070681,-1.7038872533094338,-0.3247737775779251,-1.052678023226991,0.08364597984387093,転居や移転などの時に、家財道具などを運び出し、転居先へ輸送し、再びセッティングをする引越作業を行う。
205,図書編集者,observed,1,名前は聞いたことがある,3.081,-0.6756905835989916,3.935,1.7785022403170458,3.532,1.546157394913737,3.871,0.806175343362536,3.71,1.7124282525335048,2.952,-0.7887057337172511,3.008892122912813,-0.17466844673457999,-0.6818572377980365,-0.2650183261004881,様々な本（書籍）を発行する出版社で本をつくるための企画書の作成や原稿の整理・編集などを行う。
206,雑誌編集者,observed,2,知っている,3.348,0.030653582673893873,3.507,0.8088015352556357,3.841,2.1604791728909873,3.855,0.7736051617995596,3.681,1.6319751651208916,2.913,-0.9168837119170726,2.737824591483942,0.29000118087792043,-0.8594949630199585,0.6683361523846335,出版社の雑誌編集部や編集プロダクションにおいて、雑誌の企画や編集の作業に携わる。
208,録音エンジニア,observed,1,名前は聞いたことがある,4.015,1.7951912564717016,3.606,1.03310146469741,4.152,2.778777143605954,3.485,0.02041971315573034,3.015,-0.215671600975679,2.621,-1.876575241002912,1.9853218541436277,2.731912377263734,-1.2512196275185958,1.1664418175178344,音楽コンテンツ等を制作するために録音作業を行う。
211,アナウンサー,observed,2,知っている,2.857,-1.2682789478129475,3.3,0.33981077369556045,3.629,1.739002742693003,4.086,1.2438371581150318,3.529,1.2102900173030553,2.886,-1.0056223122092556,2.2909397024822824,-1.007848893616175,-1.3236667581464494,0.8291265599034551,テレビやラジオの番組などで、必要な情報を伝えたり、司会などを行う。
213,厩舎スタッフ,observed,0,知らない,3.971,1.678789970643961,3.471,0.7272379245495357,2.235,-1.0324035954956268,3.0,-0.9668639154719912,2.5,-1.6444074636479526,3.353,0.5292268113629613,-1.4931370357534364,1.713986381178513,1.2730822116828282,-0.6729721001872049,競走馬の調教や飼養管理を行い、出走体制の整った馬を競走に出走させる。
214,アウトドアインストラクター,observed,1,名前は聞いたことがある,3.557,0.583559690355666,3.393,0.5505167680196519,3.033,0.554097306853388,3.639,0.3339077106993779,3.311,0.6055047395116854,3.115,-0.25298751713851086,1.0256801591367186,0.39856805387045624,0.13900537486808254,0.03203410501287939,キャンプや、自然保護や環境教育を目的とした野外活動等を通じて、自然との関わり方について利用者に指導・助言を行う。
217,造園工,observed,1,名前は聞いたことがある,4.014,1.7925457727028906,3.451,0.6819248074905913,3.662,1.8046099228653307,3.704,0.4662240732989703,3.028,-0.17960642385968015,3.254,0.20385194362495332,1.2490559590142865,1.771146586279123,0.720052681412012,1.2753120202618786,"日本庭園や集合住宅等の緑地を設計し又は設計図により工事を指揮監督するとともに,自ら作業を行い、完成後はその維持管理を行う。"
218,獣医師,observed,2,知っている,3.915,1.5306428795904718,3.803,1.4794356677280125,2.606,-0.29481984264915506,3.817,0.696250980587491,3.197,0.28924087864830866,3.197,0.016514898563676557,1.093683717444231,0.8939898102528964,1.2635540820147027,-0.7007263887392342,犬や猫などのペット、牛や馬などの家畜鶏などの家きんについて、病気や傷の治療、出産介助伝染病の予防などを行う。
221,犬訓練士,observed,2,知っている,3.8,1.2264122461770561,3.657,1.1486499131977186,3.143,0.7727879074278133,4.143,1.3598684299331343,3.057,-0.09915333644706695,2.914,-0.9135970970914351,1.6421157775205824,0.8593485688666929,0.22818944745442835,0.3318264220638352,犬の特性や嗅覚などの能力を活用するために専門的な訓練を行うほか、家庭用の犬のしつけも行う。
227,産業用ロボットの設置・設定,predicted,0,知らない,3.6859513148385656,0.9246983007280971,3.2618320131529357,0.25333525090029707,2.7634839258335595,0.018273378454112674,3.2306961448120064,-0.49725045782163235,3.0503738494387562,-0.11753589749233861,3.091025393917128,-0.3317828129292724,-0.11988830530084192,0.9449008742564505,0.05442945427188769,-0.2480111103207168,工場などの生産ラインに産業用ロボットを設置し稼働させるための機械の据え付け調整、初期設定、システムの構築等を行う。
229,太陽光発電の企画・調査,predicted,0,知らない,3.172062830128319,-0.4347853445524116,3.496108227977942,0.7841245282248926,2.6170843833983675,-0.272783020263826,3.260523598883717,-0.43653260815432293,3.4250222656913776,0.921830370844535,3.027221984397285,-0.5414800445833414,0.631528681888557,-0.18526817414546942,-0.46124171332347463,-1.1293977103446977,太陽光発電の設置場所、設備等を企画し、必要な調査を行う。
234,ネット通販の運営,observed,1,名前は聞いたことがある,3.509,0.4565764694526752,2.754,-0.8972373220136214,2.825,0.1405732621308383,3.281,-0.3948501017722181,3.474,1.0577065756584443,3.298,0.3484629959529567,-0.1215013694396145,-0.10512974055864031,0.1826312616929175,0.21876138839686196,ネット通販事業において、Webサイトや商品の管理、受注・発注の処理や、顧客への対応を行う。
235,Webマーケティング（ネット広告・販売促進）,observed,0,知らない,3.07,-0.7047909050559273,3.628,1.0829458934622493,3.651,1.7827408628078878,3.395,-0.16278755813601156,3.488,1.0965459971679814,3.209,0.055954276471313846,1.8528417443089338,0.18239620563435965,-0.515496416760727,0.2989959633141806,WebサイトやWeb技術を利用してマーケティングを行う。
236,施設警備員,observed,2,知っている,2.966,-0.9799212170124062,2.593,-1.262007914338124,2.288,-0.927034487946131,3.288,-0.3806006473384166,2.644,-1.2449162709784234,3.288,0.3155968476965916,-2.0144309401059863,-1.027313410507999,-0.2591553803883726,0.31752506270865294,警備会社に雇用され、顧客の事務所や工場、商業施設などに常駐等又は巡回により、事故や火災、不法侵入などの防止、早期発見、事故の対応を行う。
240,老人福祉施設生活相談員,observed,0,知らない,2.907,-1.1360047593723326,3.148,-0.00456891595241633,3.0,0.48849012668106045,3.648,0.35222843782855284,3.148,0.15330290336492752,3.167,-0.0820835462054174,0.43340971221399,-0.8988341540891968,-0.5389607003550276,0.3764286673668645,老人福祉施設に入所あるいは通所している利用者が、快適に、可能な範囲で自立的に日常生活を送ることができるように、相談、援助や連絡調整などを行う。
242,植物工場の栽培管理,predicted,0,知らない,3.623414787458689,0.7592589325867466,3.1650289230294493,0.034012763178642824,2.7378754240724525,-0.032638790909048386,3.061334961868197,-0.8420082377091529,2.9374282843167094,-0.4308744983072026,3.2993530305051206,0.3529098860706244,-0.687997287226715,0.8958478588870338,0.39429303064425747,-0.04703766113823072,植物工場内で野菜等の栽培、管理、収穫を行う。
244,鋳造工/鋳造設備オペレーター,observed,0,知らない,2.833,-1.331770558264443,2.813,-0.763563626689735,2.563,-0.3803079865100663,3.0,-0.9668639154719912,2.833,-0.7205840805996667,2.917,-0.9037372526145269,-1.298241015673638,-0.601839610712165,-1.5820035376467223,-0.20842055704984722,金属を溶かして鋳型に注ぎ込み、冷えて固まった後で鋳型から取り出し、目的に応じた鋳物製品に仕上げる。
247,金属プレス工,observed,0,知らない,3.327,-0.02490157647116431,2.776,-0.847392893248783,2.531,-0.4439270703135356,2.735,-1.506307547608788,2.796,-0.8232311231605883,2.918,-0.9004506377888893,-1.663083258400294,0.5371599485625618,-1.1896478726303916,-0.30273079987938945,プレス機械に製品の原型となる金型を取り付け、金属板に必要に応じて圧力を加え、様々な形に成形する。
255,機械設計技術者,observed,0,知らない,3.571,0.6205964631190389,3.471,0.7272379245495357,2.843,0.17635899677028932,3.186,-0.5882355548023909,3.214,0.3364030333384611,2.886,-1.0056223122092556,0.5070639635224776,0.9607044454324037,-0.574158695673667,-0.715381765935727,市場の様々なニーズに応え、最新の技術を駆使して、機械製品を開発・設計する。
256,光学機器組立,observed,0,知らない,3.35,0.03594455021151908,2.775,-0.84965854910173,2.325,-0.853474922298369,2.35,-2.2900275414679068,2.5,-1.6444074636479526,2.975,-0.7131135927276127,-2.6662869474042243,0.9869216463057814,-1.143268980490602,-0.5516481868683981,望遠鏡、顕微鏡、カメラ、測定機器などの光学機器を組み立てる。
257,自動車組立,observed,1,名前は聞いたことがある,2.889,-1.183623467210955,2.694,-1.0331766731904548,2.639,-0.22921266247682756,2.444,-2.098677724785421,2.333,-2.107706277368864,2.667,-1.7253909590236365,-2.4861058377570227,0.46897505045026416,-2.6136547438970408,-0.09735956614966004,自動車のボディ（車体）にドアやエンジンなどを組み付けて、完成車を組み立てる。
259,計器組立,observed,0,知らない,3.905,1.5041880419023481,3.071,-0.1790244166293522,2.5,-0.5055580577481468,3.0,-0.9668639154719912,2.762,-0.9175554325408932,3.381,0.6212520264807803,-1.3687919365668701,1.319872333911631,0.960321523783663,-0.06343883837377667,長さ、質量、温度、圧力、流量、体積などの量を表示、指示、記録する器具である計器を組み立てる。
262,物流設備管理・保全,observed,0,知らない,3.408,0.18938260880263239,2.939,-0.47809098921838555,2.755,0.0014065163107487109,2.796,-1.3821337303999406,2.755,-0.9369751432956623,3.02,-0.5652159255739732,-1.3168405879201235,0.8724779767658448,-0.8469280125281065,-0.02025982386679013,自動化、大型化が進む物流倉庫の設備の管理・保全を行う。
263,自動車技術者,observed,1,名前は聞いたことがある,3.674,0.8930812913067059,3.628,1.0829458934622493,2.93,0.34932338086097176,3.209,-0.541415918805612,3.186,0.258724190319386,2.977,-0.7065403630763405,0.7115255727741285,1.2703240633250432,-0.18645430929294612,-0.6572943433243839,自動車製造に関する企画、設計・開発、実験、生産ラインにおける工程の管理と生産従事者への技術的な指導・監督を行う。
264,精密機器技術者,observed,0,知らない,3.6,0.6973154924145956,3.422,0.6162207877551221,2.822,0.1346089730242628,3.2,-0.559736645934786,3.156,0.17549685851323468,2.978,-0.703253748250703,0.31012011244884763,0.9488372386016931,-0.3074918878898665,-0.5572782451233952,精密測定機器、光学機器、医療用機器など高い精度が要求される機械の研究開発、設計、及び製造工程の技術開発、管理を行う。
266,電子機器技術者,observed,1,名前は聞いたことがある,3.828,1.3004857917038009,3.552,0.9107560486382604,2.483,-0.5393556960187396,2.983,-1.0014697333826534,3.052,-0.11302455841475863,3.069,-0.4041717991177879,-0.2350437762161649,1.4586417368459328,0.29170230163299443,-1.1395561307578517,携帯電話、テレビ、パソコンから産業用の各種機器・装置等までの電子機器の開発、設計及び製造工程の技術開発、管理を行う。
267,電気通信技術者,observed,0,知らない,3.386,0.1311819658887622,2.947,-0.45996574239480775,2.404,-0.6964153091585547,3.123,-0.7164806447066098,3.14,0.13110894821662034,2.842,-1.1502333645372589,-0.6730031804073334,0.09338818646818707,-0.9347432440744741,-0.7501567638370508,電気通信のインフラ（ネットワークの基盤）の構築と維持・運用を行う。
272,染色工/染色設備オペレーター,observed,0,知らない,3.261,-0.19950350521277607,3.13,-0.045350721305466836,3.087,0.6614545107717429,3.13,-0.7022311902728083,2.87,-0.6179370380387463,3.087,-0.3450127322563312,-0.3452432238871808,0.5285570878485367,-0.7263900972466311,0.38053897999802583,各種の染料、薬品などを用いて、機械装置により、糸や織編物（おりあみもの）に染色整理加工（染色と仕上げ）を行う。
273,ミシン縫製,observed,1,名前は聞いたことがある,3.741,1.0703287038171307,2.981,-0.3829334433946027,3.093,0.673383088984893,2.63,-1.7200493641158205,2.667,-1.1811086499270413,3.315,0.40433544798877585,-1.3853997645607663,1.832857157748249,0.02631753958897664,0.611722658708984,ミシンを使って布地などの素材を縫い合わせ、衣服などの製品を完成させる。
274,木材製造,observed,0,知らない,3.523,0.49361324221604813,2.864,-0.6480151781894274,2.864,0.21810902051631587,2.864,-1.243710458757291,2.932,-0.4459338856393663,3.409,0.7132772415986006,-1.1841696350612552,0.745756186966088,0.24898384452556596,0.40786583109406116,製材工場、製材所において、国内で生産された原木や海外から輸入された原木を、用途に応じて、製材機械により板や角材等の材木にする。
280,靴製造,observed,1,名前は聞いたことがある,3.667,0.8745629049250194,3.429,0.6320803787257518,3.381,1.2459548432161158,2.762,-1.451345366221265,3.238,0.4029848987833826,3.048,-0.4731907104561528,0.5103669801069662,1.8124109842413934,-0.6015294555934728,-0.11385160117170626,皮革靴のデザイン、設計、パーツの型づくり、皮革の裁断、縫製、釣り込み・底付け、仕上げの作業を行う。
283,医薬品製造,observed,1,名前は聞いたことがある,3.292,-0.1174935083795954,2.958,-0.43504352801238805,2.833,0.1564780330817056,3.0,-0.9668639154719912,2.917,-0.48754755154244256,3.125,-0.2201213688821472,-0.8540331852992699,0.37110667312235907,-0.6084144613132715,0.1297103704684598,製薬工場において製造ラインを運転し、医薬品を製造する。
285,タイヤ製造,observed,1,名前は聞いたことがある,3.077,-0.6862725186742409,2.462,-1.5588088310742092,2.385,-0.7341891401668649,2.692,-1.5938399105592864,2.615,-1.3253693583910366,2.885,-1.008908927034893,-2.466925146414248,-0.05508386280674489,-1.6487715275771189,-0.06953167069757438,ゴム、繊維・スチールワイヤなど様々な部材を組み合わせて大小各種のタイヤを製造する。
286,化粧品製造,observed,1,名前は聞いたことがある,3.472,0.3586935700066201,3.0,-0.3398859821886052,2.333,-0.8375701513475016,2.639,-1.7017286369866464,2.556,-1.4890497776098024,3.306,0.37475591455804824,-2.206619194672386,0.8944418595907836,0.12376377417664972,-0.39019244959903615,化粧水、ファンデーション、口紅など各種の化粧品を製造する。
288,化学製品製造オペレーター,observed,0,知らない,3.41,0.1946735763402576,2.692,-1.0377079848963486,2.41,-0.6844867309454038,2.846,-1.2803519130156389,2.615,-1.3253693583910366,3.103,-0.29242689504614816,-2.1309486322574136,0.4741909631927101,-0.5314156489706224,0.006531593735725934,化学工場で各種装置を運転・制御して合成樹脂、化学肥料、化学繊維、洗剤、塗料などの化学製品を製造する。
292,陶磁器技術者,observed,0,知らない,3.333,-0.009028673858289872,3.467,0.7181753011377469,3.667,1.8145504047096226,2.7,-1.5775548197777982,2.9,-0.534709706232595,2.8,-1.28827118721399,0.38726667910790286,1.828196579521926,-1.8047485068455866,0.2637034093005219,陶磁器製品の開発、製造工程や品質の管理を行う。
293,ファインセラミックス製造技術者,observed,0,知らない,3.775,1.1602751519567487,3.9,1.699204285463893,2.475,-0.555260466969607,2.875,-1.2213184589327444,3.275,0.505631941344303,2.875,-1.0417750752912567,0.5044999742131909,1.6384315316533191,-0.1640891917989594,-1.9666364174635795,ファインセラミックス製品の開発、製造工程や品質の管理を行う。
295,高分子化学技術者,observed,0,知らない,3.455,0.3137203459368112,3.788,1.4454508299338038,2.5,-0.5055580577481468,2.833,-1.306815185535557,2.879,-0.5929688384969011,2.621,-1.876575241002912,-0.10087676451948681,1.417483060715845,-1.2858009172921085,-1.713848328239615,プラスチック、化学繊維などの高分子材料や高分子の合成などの研究開発、製品化技術の開発・改良などを行う。
296,バイオテクノロジー技術者,observed,0,知らない,3.688,0.9301180640700788,3.917,1.7377204349639954,2.688,-0.13179594040276452,2.896,-1.178570095631338,3.229,0.37801669924153736,2.813,-1.2455451944807152,0.7012076031201467,1.6780591866762673,-0.518511647754961,-1.6948639974038942,生物を利用して有用な物質を作り出す研究や開発を行い、生産工程で技術的な指導等を行う。
297,宇宙開発技術者,observed,2,知っている,2.957,-1.003730570931718,3.478,0.7430975155201666,2.696,-0.11589116945189717,2.826,-1.3210646399693593,2.957,-0.3765777758009067,2.913,-0.9168837119170726,-0.3462145472973841,0.25914606530052636,-1.3218622257673376,-1.0063496229702131,宇宙開発にかかわる研究開発、衛星や打上げロケットなどの開発、設計、製作、運用等を行う。
298,航空機開発エンジニア（ジェットエンジン）,observed,1,名前は聞いたことがある,3.739,1.0650377362795056,3.609,1.039898432256252,2.957,0.4030019828201483,3.13,-0.7022311902728083,3.13,0.10336650428123574,3.13,-0.20368829475396535,0.48159608780871427,1.4408923703336105,0.2124442516593113,-0.48524106135055417,航空機のジェットエンジンを研究開発する。
299,システムエンジニア（受託開発）,observed,1,名前は聞いたことがある,3.29,-0.12278447591721943,3.145,-0.011365883511258248,2.71,-0.0880578202878798,3.242,-0.47423991933197335,3.194,0.28091814546769317,2.984,-0.683534059296885,-0.040489581289949186,0.048302147638927415,-0.6736118051065193,-0.4289080228463554,顧客の情報システムの開発を受託し、ソフトウェアを開発する。
307,ヘルプデスク（IT）,observed,0,知らない,3.371,0.09149970935657727,3.274,0.28090372151893317,2.403,-0.6984034055274129,3.371,-0.2116428304804762,2.984,-0.3016731771753696,3.306,0.37475591455804824,-0.5152360563281771,-0.06412168373008921,0.5455775392255792,-0.48231340410644413,システムや情報機器などを使用している時に生じる疑問やトラブル等の利用者からの問い合わせに電話、メール、あるいは出向いて対応する。
309,プロジェクトマネージャ（IT）,observed,0,知らない,3.569,0.6153054955814138,2.862,-0.6525464898953214,2.523,-0.45983184126440296,3.431,-0.08950464961931462,3.385,0.8107988246335261,2.908,-0.9333167860452545,-0.058199937247395125,-0.04559127527711458,-0.4722241713296078,-0.41692602220323605,IT分野での開発を行うプロジェクトチームの責任者として、プロジェクト実行計画の作成、予算、要員、進捗の管理などを行う。
311,DXプロデューサー,observed,0,知らない,2.81,-1.3926166849471262,3.143,-0.015897195217153194,2.762,0.015323190892757846,3.381,-0.19128646700361637,3.81,1.9898526918873447,2.238,-3.1353487192216676,1.4064504554743382,-1.001904896858636,-3.069932147500958,-1.3941053582936902,IT（情報技術）を含むデジタルの技術によって社会やビジネスの変革を目指す。
315,動画制作,observed,2,知っている,3.516,0.4750948558343617,3.516,0.8291924379321605,4.048,2.5720151212446787,3.581,0.21584080253358887,3.548,1.263000660780285,2.935,-0.8445781857530702,2.4822648999539845,1.0963474753360314,-0.8898997642994516,0.902933505034185,動画を撮影し作品として制作する。
319,広告デザイナー,observed,1,名前は聞いたことがある,3.109,-0.601617038072247,3.0,-0.3398859821886052,3.673,1.8264789829227734,3.164,-0.633019554451483,3.182,0.2476272127452324,2.909,-0.9300301712196184,0.606250355009137,0.41119950856051507,-1.699509248818968,0.9402532816584139,広告会社等において、テレビCMやポスター、新聞や雑誌、Webなど様々な媒体の広告のデザインを行う。
320,広告ディレクター,observed,0,知らない,3.131,-0.5434163951583768,3.311,0.36473298807798016,3.59,1.6614669843075247,3.557,0.16698553018912424,3.721,1.7429449408624276,2.738,-1.4920413064034488,2.143608574409015,-0.06631454258097604,-1.6820271753100395,0.1532650462516342,広告会社等において、広告デザイナー、コピーライター、CMプランナー等の制作メンバーをまとめ、テレビCMや新聞など様々な広告を制作する。
323,インテリアデザイナー,observed,2,知っている,3.576,0.6338238819631002,3.254,0.23559060445998872,3.712,1.904014741308252,3.458,-0.03454246823179169,3.322,0.636021427840608,3.034,-0.5192033180150637,1.3663874107416771,1.0210211530609472,-0.5851761861256947,0.9320468032289682,住宅、オフィス、ホテル、旅館、店舗などの室内装飾のデザインを行う。
330,スタイリスト,predicted,2,知っている,3.1130647584537896,-0.590863785558604,3.1889482698947473,0.08820577140268013,3.4700823699095293,1.4230591793625538,3.955151453018501,0.977477099837589,3.1923288766975464,0.27628204101495,2.9306241838000333,-0.8589598081501411,1.3803195851902332,-0.39373088346681473,-0.9802068331780495,1.0018359145169138,テレビの番組、映画や雑誌、広告の写真などの撮影のために、俳優やモデルの衣装や小物を用意し、コーディネートする。
333,フラワーデザイナー,observed,2,知っている,3.828,1.3004857917038009,3.103,-0.10652342933504108,4.103,2.681360421531891,4.138,1.3496902481947044,3.103,0.028461905655699945,3.0,-0.630948222086702,1.8631641225668347,1.1397932379672178,-0.28566677403299634,2.309933853387288,ディスプレイ用やプレゼントに使われる、生花を中心とした装飾作品を制作する。
339,テレビカメラマン,observed,2,知っている,3.861,1.3877867560746078,3.361,0.4780157807253418,3.639,1.7588837063815868,3.444,-0.06304137709939651,3.389,0.8218958022076797,3.111,-0.26613397644105663,1.47938146388654,1.4962814966463795,0.013071393849334263,0.7312471701014065,テレビで放送する映像をテレビカメラで撮影する。
343,印刷オペレーター,observed,0,知らない,3.677,0.901017742613143,3.081,-0.15636785809988046,2.806,0.10279943112252815,2.919,-1.1317504596345591,2.774,-0.8842644998184325,3.387,0.6409717154345996,-1.141316843966451,1.1940765790128232,0.5168827480569206,0.2560058816236323,印刷機を操作して、紙などの素材に印刷する。
346,広報コンサルタント,observed,0,知らない,2.844,-1.3026702368075085,3.267,0.2650441305483024,3.222,0.9298475205676284,3.356,-0.2421773756957668,3.489,1.0993202415615195,2.467,-2.382713924150923,1.3663497276652157,-0.3997275289743843,-2.655193255622354,-0.47286296630688457,広告会社等に所属し、企業や団体などの広報活動について、目的や課題を分析し戦略を立て、実施について助言する。
347,人事コンサルタント,observed,0,知らない,2.472,-2.286790198805686,2.66,-1.1102089721906598,2.453,-0.5989985870844925,3.34,-0.2747475572587432,3.245,0.42240460953815173,2.679,-1.685951581115999,-0.5529102425945771,-1.9433981189748528,-2.39490322601078,-0.5207280954789532,コンサルティング会社等において組織や人材に関してコンサルティングを行う。
351,情報工学研究者,observed,0,知らない,3.563,0.5994325929685405,4.313,2.634920152731094,2.813,0.11671610570453729,2.938,-1.0930733690285244,3.25,0.4362758315058434,2.438,-2.4780257540943795,1.5533339318160948,1.9204171640806924,-1.496449660811215,-2.2562374022246288,コンピュータや情報機器等に関する研究を行う。
352,医学研究者,observed,1,名前は聞いたことがある,3.64,0.8031348431670879,4.14,2.2429616901712253,2.82,0.13063278028654554,3.1,-0.7633002807033886,3.02,-0.20180037900798733,2.92,-0.8938774081376172,0.9176519425058584,1.7232153020843608,-0.1521271608516547,-1.3745535396055537,医師として臨床業務に従事しながら、又は大学医学部や研究機関において研究専従で、研究を行う。
361,職業訓練指導員,observed,0,知らない,3.649,0.8269441970863984,3.333,0.4145774168428195,2.86,0.2101566350408822,3.965,0.997525160045022,3.351,0.7164745152532213,3.439,0.8118756863676946,0.9891925325014471,-0.09094256160754317,1.3437680688250162,0.3032507081279959,公共職業能力開発施設や、認定職業訓練施設などにおいて、訓練生に対して、技能や技術、専門知識などの訓練指導や就職支援を行う。
364,外科医,observed,2,知っている,3.746,1.083556122661192,3.508,0.8110671911085827,3.119,0.7250735945752121,3.61,0.2748742566164834,3.271,0.49453496377014944,3.373,0.5949591078756902,1.0291370010941465,0.8194989342421288,1.007652024981996,0.24357061025611815,主に手術等により、患者の病気や外傷の治療を行う。
366,内科医,observed,2,知っている,3.548,0.5597503364363555,3.629,1.0852115493151964,2.742,-0.02443873648441048,3.565,0.18327062097061245,3.065,-0.07695938129875976,3.242,0.16441256571731602,0.5544960143870455,0.5189215600554749,0.6699287178419572,-0.38561014444810077,内臓、神経、血液等の病気について診断し、薬物治療、食事療法などにより治療を行う。
371,福祉ソーシャルワーカー,observed,1,名前は聞いたことがある,2.74,-1.5778005487639872,2.78,-0.8383302698369941,2.68,-0.14770071135363183,3.56,0.17309243923218254,3.1,0.020139172475084444,2.94,-0.8281451116248884,-0.34081612306528625,-1.4542392880778923,-1.3635304624879696,0.15428120576505533,福祉等に関する専門知識を活かし、社会生活に困難がある人々の相談に乗ったり、社会的支援を行う。
378,接客担当（ホテル・旅館）,observed,2,知っている,2.892,-1.1756870159045176,2.649,-1.1351311865730795,2.541,-0.4240461066249519,3.595,0.24433971140119368,3.108,0.04233312762339162,3.081,-0.3647324212101506,-0.6519410869831489,-1.4669106745494738,-0.7917192775352181,0.2524462314747723,ホテルや旅館に滞在する宿泊客等が快適に過ごせるように荷物の運搬、問い合わせへの対応等きめ細やかなサービスを提供する。
379,ホールスタッフ（レストラン）,observed,2,知っている,2.758,-1.5301818409253662,2.629,-1.180444303632024,2.581,-0.34452225187061525,3.452,-0.0467562863179083,2.919,-0.48199906275536514,3.048,-0.4731907104561528,-1.0323098327203932,-1.4143487511838762,-1.1482841820089669,0.35446428629743015,外食店舗、特にレストラン等で来店するお客と直接接し、料理やサービスを提供する。
383,リフレクソロジスト,observed,0,知らない,3.226,-0.29209543712120717,3.371,0.5006723392548135,3.081,0.6495259325585919,3.774,0.6087186176369916,2.984,-0.3016731771753696,3.177,-0.04921739794905226,0.6522002584066035,-0.12946655720477912,-0.036077405367832695,0.5061332461547637,主に手指を用いてお客の足の裏や手、耳を刺激する施術を行い、健康を維持し、疲労回復を助ける。
387,秘書,observed,2,知っている,3.302,-0.09103867069147173,2.984,-0.37613647583576076,2.667,-0.17354596414879192,3.651,0.3583353468716102,3.127,0.09504377110062025,3.683,1.6138097038229846,-0.35375547978325195,-0.7453093376009233,1.348505191696124,0.5519637421635559,企業や団体の社長、役員などの幹部が職務に専念できるように、幹部を補佐する様々な仕事を行う。
389,一般事務,observed,1,名前は聞いたことがある,3.127,-0.553998330233626,2.789,-0.8179393671604683,2.62,-0.2669864934851368,3.183,-0.5943424638454491,2.887,-0.5707748833485938,3.254,0.20385194362495332,-1.1965179586941976,-0.41218009837217745,-0.31066588153256014,0.25928557376845235,特定の分野の事務を専門的に行うものではなく、様々な定型的な事務の仕事を行う。
396,調剤薬局事務,observed,0,知らない,3.295,-0.10955705707315819,2.869,-0.6366868989246905,2.475,-0.555260466969607,3.443,-0.0650770134470823,2.754,-0.9397493876892004,3.311,0.3911889886862301,-1.2142741266665897,-0.3471270134329056,0.2844086647316376,0.3256753520123063,医師の指定した薬を買い求めに来店する患者の処方箋を受け付け、レセコンに入力するなど窓口業務を処理する。
397,介護事務,observed,0,知らない,3.055,-0.744473161588111,2.982,-0.3806677875416547,2.527,-0.4518794557889693,3.327,-0.30121082977866137,2.964,-0.35715806504613756,3.382,0.6245386413064178,-0.8688666358222986,-0.7290680940774988,0.16863425296511847,0.028325082118151455,介護報酬請求事務（レセプト作成）を中心に介護施設の事務全般を担当する。
400,貿易事務,observed,0,知らない,3.113,-0.5910351029969977,2.968,-0.41238696948291637,2.5,-0.5055580577481468,3.081,-0.8019773713094234,3.032,-0.16850944628552655,3.323,0.4306283665938674,-1.0056765465084898,-0.42712747511474175,-0.053941932517013035,-0.25881395002747865,原材料や商品の輸出・輸入といった海外との取引を行う際に、営業部門と連携しながら、必要なデータや情報を整理して、契約に必要な書類を作成したり、貨物輸送の手配を行う。
401,損害保険事務,observed,0,知らない,3.045,-0.7709279992762347,3.068,-0.1858213841881941,2.182,-1.1377727030451226,3.386,-0.18110828526518558,2.886,-0.573549127742132,3.091,-0.33186627295378546,-0.9901197134344627,-0.8042158237426598,-0.3451267417852321,-0.6498410778391988,自動車事故による物的損害や死傷災害、火災や台風等による建物や家財への損害が生じた保険の契約者に対し、保険金請求の受付から支払いまでの一連の業務を行う。
403,学校事務,observed,1,名前は聞いたことがある,3.25,-0.22860382666971177,3.25,0.22652798104819985,2.661,-0.18547454236194197,3.964,0.9954895236973362,3.661,1.5764902772501237,3.518,1.0715182575929723,1.1143624397860479,-1.2547478081214132,1.1909399077338982,-0.13324165700675036,学校において、教育と関連活動が円滑に行われるように、必要な事務を行う。
407,企業法務担当,observed,0,知らない,2.88,-1.2074328211302654,3.74,1.3366993489923382,2.44,-0.6248438398796518,3.64,0.33594334704706463,3.58,1.3517764813735138,3.32,0.4207685221169577,1.1873377723928764,-1.286776982475473,0.41391544110508743,-1.3437037698898862,企業活動に伴う法的リスクの最小化など、企業が直面する法律問題への対処を担当する。
413,コンサルティング営業（IT）,observed,0,知らない,3.3,-0.09632963822909693,3.167,0.03847854525358014,2.833,0.1564780330817056,3.333,-0.2889970116925447,3.2,0.29756361182892416,3.1,-0.30228673952305785,0.13123148647010385,0.020767759757969254,-0.36287160344096747,-0.14114883824078253,顧客の方針と課題を確認し、その解決策として情報システムや情報サービスを提案し、販売する。
414,保険営業（生命保険、損害保険）,observed,1,名前は聞いたことがある,2.909,-1.1307137918347085,2.982,-0.3806677875416547,2.673,-0.16161738593564098,3.455,-0.04064937727485,3.218,0.3475000109126147,3.182,-0.032784323820870424,-0.1473059246934213,-1.0986357323758023,-0.5068631830992517,-0.0655279680728223,一般家庭や会社を訪問し、個人のライフスタイルや家庭・生活環境に適合する保険商品を紹介・提案する。
419,商品企画開発（チェーンストア）,observed,0,知らない,3.109,-0.601617038072247,3.382,0.5255945536372332,2.964,0.41691865740215744,3.636,0.32780080165632053,3.473,1.054932331264905,2.745,-1.4690350026239933,1.3663042691046943,-0.41093097420569474,-1.2833402596734256,-0.5161143454122192,消費者のニーズを掴み、自社で取り扱う商品の幅を広げ、よく売れそうな商品を企画開発する。
420,OA機器営業,observed,0,知らない,3.154,-0.4825702684756934,2.654,-1.1238029073083435,2.577,-0.35247463734604895,3.327,-0.30121082977866137,3.135,0.11723772624892742,3.0,-0.630948222086702,-0.7745803719509492,-0.6773184838736044,-0.8861092216455974,0.058311515386166045,コピー機、パソコンなどのOA機器を販売したり、レンタル契約を結ぶなどの営業活動を行う。
425,自転車販売,observed,2,知っている,3.509,0.4565764694526752,2.964,-0.42144959289470524,2.764,0.019299383630474235,3.382,-0.18925083065592968,3.109,0.04510737201692971,3.145,-0.15438907236941837,-0.28566550026162596,0.20764211299414514,-0.04472538494780349,0.16785897397087762,お客の希望と使用目的を聞いて自転車を販売したり、持ち込まれた自転車の修理をする。
427,内部監査人,observed,0,知らない,2.859,-1.2629879802753234,3.234,0.19027748740104428,2.203,-1.0960226792990961,3.297,-0.36227992020924166,3.438,0.9578337774910621,3.234,0.13811964711222452,-0.11980933699837155,-1.3608588772847663,-0.14227882320601723,-1.2687872821876558,組織における内部統制の整備及び運用状況を調査、検討、評価し、その結果を組織トップ（社長や取締役会）に報告し、改善を提言する。
428,ファンドマネージャー,observed,1,名前は聞いたことがある,3.5,0.4327671155333648,4.115,2.1863202938475457,2.423,-0.6586414781502445,3.577,0.20769825714284476,3.769,1.8761086717522706,3.0,-0.630948222086702,2.0163627447736356,0.16667084540872884,0.4154646260000724,-2.1657421330988473,投資信託会社、投資顧問会社、機関投資家等の資金運用機関において資金（ファンド）の運用を担当する。
430,代理店営業（保険会社）,observed,0,知らない,2.675,-1.7497569937367883,2.7,-1.0195827380727709,2.4,-0.7043676946339884,3.15,-0.6615184633190878,2.95,-0.3959974865556745,3.175,-0.055790627600325875,-1.4084049555661067,-1.4233406378986078,-0.9547351509795606,-0.12949757780092405,保険会社の社員として、保険商品の販売・契約の代理・媒介を行う代理店に対して、商品情報の提供、販売や経営に関するアドバイス等を行う。
433,雑踏・交通誘導警備員,observed,2,知っている,3.188,-0.3926238203360743,2.531,-1.4024785772208512,2.266,-0.9707726080610157,3.484,0.01838407680804454,2.594,-1.383628490655344,3.219,0.08882042472767752,-1.9647065719549286,-0.809369681951002,-0.09737282417839474,0.5139709424843144,イベントやお祭りなどでの警備や誘導や、道路工事や建設現場、駐車場での交通整理を行う。
441,宅配便配達員,observed,2,知っている,3.167,-0.44817897948113367,2.5,-1.4727139086622154,2.383,-0.7381653329045812,3.283,-0.3907788290768465,2.75,-0.950846365263354,3.183,-0.029497708995234347,-1.8340171593058687,-0.6760395281474026,-0.4024091667916634,0.40673658260911444,担当する地域内で荷物の集荷・配達を行う業務のほか、営業活動や集金も行う。
442,新聞配達員,observed,2,知っている,3.173,-0.4323060768682592,2.481,-1.5157613698682129,2.365,-0.7739510675440323,3.115,-0.732765735488098,2.462,-1.749828750602411,3.558,1.20298285061843,-2.6397339862034417,-0.5021837020185019,0.47216330222108865,0.811209539230309,購読契約をしている家庭や職場などに新聞を配達する。
444,ピッキング作業員,observed,0,知らない,3.5,0.4327671155333648,2.556,-1.345837180897171,2.352,-0.7997963203391923,2.907,-1.1561780958067915,2.833,-0.7205840805996667,3.611,1.3771734363771624,-2.2315181679693077,0.06968133327680569,0.9069825778614745,0.3190794882118691,倉庫や工場等に搬入された商品を、伝票又は指示書に従って取り集めや仕分けをし、搬出準備を行う。
447,製品包装作業員,observed,1,名前は聞いたことがある,3.51,0.45922195322148723,2.367,-1.7740461371041956,2.082,-1.3365823399309642,2.571,-1.8401519086292955,2.204,-2.465583804135317,3.776,1.9194648826071734,-4.017917116118296,0.4483272998813977,1.1840756059675157,0.5979436124115717,製品を保護・保存するため、各種の材料を用いて包装する。
449,バックヤード作業員（スーパー食品部門）,observed,0,知らない,3.538,0.5332954987482319,2.646,-1.1419281541319215,2.385,-0.7341891401668649,3.446,-0.058970104404024004,2.862,-0.6401309931870535,3.231,0.1282598026353148,-1.3614906981752815,-0.15716027515957526,0.29814080957592426,0.3372567271809098,スーパーのバックヤードで主に食品のパッケージングや品出しなどの作業を行う。
450,調理補助,observed,2,知っている,3.211,-0.3317776936533921,2.754,-0.8972373220136214,2.719,-0.07016495296815427,2.93,-1.1093584598100126,2.667,-1.1811086499270413,2.965,-0.7459797409839778,-1.5541220936153861,0.3140036887847828,-1.1979300483319417,0.24858432695537921,調理場で調理師の指示に従って、食材の洗浄と切込み、食器の準備や洗浄、調理器具の用意・片付けなどを行う。
451,給食調理員,observed,2,知っている,3.273,-0.16775769998702839,2.712,-0.9923948678374043,2.576,-0.3544627337149071,3.288,-0.3806006473384166,2.848,-0.6789704146965917,3.288,0.3155968476965916,-1.305892894083425,-0.32226542412043035,-0.01212239816986372,0.4362668452172573,給食施設の調理場において献立表等に基づき、給食用料理を調理する。
454,産業廃棄物収集運搬作業員,observed,0,知らない,3.109,-0.601617038072247,2.345,-1.823890565869034,2.236,-1.0304154991267678,2.964,-1.0401468239886882,2.491,-1.669375663189798,3.018,-0.5717891552252468,-2.743408260574711,-0.42656333250242656,-1.0856763721099025,0.25772237423743644,建設現場、病院、工場などから出る産業廃棄物を集め、収集車で処分場まで運ぶ。
462,果樹栽培者,observed,2,知っている,3.937,1.588843522504342,3.46,0.702315710167116,2.651,-0.20535550605052658,2.905,-1.160249368502164,3.159,0.18381959169384895,3.19,-0.006491405215778895,-0.16900595447759365,1.6630433867091299,0.5543971219949053,-0.848489202740387,露地の果樹園やビニールハウス等の施設、観光果樹園などで、果物を生産する。
463,花き栽培者,observed,1,名前は聞いたことがある,4.051,1.8904286721489458,3.872,1.6357659215813707,2.872,0.23401379146718318,2.974,-1.0197904605118275,2.897,-0.5430324394132106,3.564,1.2227025395722493,0.022091824249636113,2.241617454395985,1.7523958870977412,-0.45662163076118956,観賞用の花や観葉植物などの「花卉（き）」を生産する。
470,法務技官（心理）（矯正心理専門職）,observed,0,知らない,2.833,-1.331770558264443,4.233,2.4536676844953167,3.133,0.7529069437392296,4.733,2.5608938750678885,3.533,1.221386994877209,3.467,0.9039009014855148,3.272818839459703,-1.6703224352728814,1.2334531404277764,-0.055815839272852476,少年鑑別所や少年院、刑事施設などに勤務し、心理学の知識を生かして、非行・犯罪臨床の最前線で働く。
482,自動運転開発エンジニア（自動車）,observed,1,名前は聞いたことがある,3.909,1.5147699769775975,3.682,1.2052913095213988,2.636,-0.23517695158340216,3.636,0.32780080165632053,3.727,1.7595904072236574,3.409,0.7132772415986006,1.4752211099815598,0.551341978330435,1.6554146531132465,-0.9506383401368561,一般公道を走る自動車の自動運転に関する設計、開発、評価等を行う。
485,キッティング作業員（PCセットアップ作業員）,predicted,0,知らない,3.3450037157815187,0.022726961407153412,2.905608231561296,-0.5537452448217939,2.617244812692251,-0.27246407136719725,2.9290788187593693,-1.1112336498262474,2.7018543297384117,-1.0844142210597136,3.209432685404942,0.057376346738033136,-1.535673220704711,0.4569860718795367,-0.2881087739630644,0.0984654506591554,パソコンやタブレットなどの情報機器をユーザーがすぐに業務に使えるようセットアップする作業（「キッティング」という）を行う。
489,人事課長,observed,1,名前は聞いたことがある,3.154,-0.4825702684756934,3.269,0.26957544225419733,2.462,-0.5811057197647661,4.115,1.3028706121979263,4.038,2.622380413614099,3.269,0.25315116600950033,1.771833945954202,-1.8436505536798597,0.6560544036215288,-0.8431453916488786,国・地方公共団体・会社・社団法人・財団法人等の法人組織において、人事課(課相当を含む)の業務を管理・監督する仕事に従事する。
492,デバッグ作業,observed,0,知らない,3.577,0.6364693657319123,3.654,1.1418529456388766,2.846,0.1823232858768648,3.192,-0.5760217367162742,3.038,-0.1518639799242968,3.5,1.012359190731517,0.16664354968960426,0.931251604541986,1.1104386399462571,-0.3153390757881353,ソフトウェアの誤り（バグ）を見つけ修正する。
503,訪問介護のサービス提供責任者,observed,0,知らない,2.607,-1.929649890016024,2.357,-1.7967026956336674,2.071,-1.3584513999884062,3.964,0.9954895236973362,2.714,-1.0507191634307362,3.036,-0.5126300883637901,-1.6517421481712136,-2.5939422332316195,-0.9044385839592798,0.4731746215317781,訪問介護が適切に行われるよう、サービス内容の管理について必要な業務等を行う。
507,配電盤・制御盤等組立,observed,0,知らない,3.897,1.4830241717518498,2.345,-1.823890565869034,1.793,-1.911142190531046,2.241,-2.5119119033656836,2.414,-1.8829924814922543,2.862,-1.0845010680245302,-3.8316367805684783,1.5370914665010826,-0.8094182025833242,-0.8073662298663414,主に機械器具・道具等を用いて、配電盤・制御盤・分電盤・監視制御装置等を組み立て、配線し、仕様・規格どおりになっているかの試験を行う。
508,社会学研究者,observed,0,知らない,3.346,0.025362615136269844,4.346,2.7096867958783535,3.038,0.5640377886976798,3.692,0.441796437126738,3.538,1.2352582168449007,3.0,-0.630948222086702,2.6210361515754834,0.5122656753577091,0.07634016272072464,-1.3248711077657798,社会の仕組みやさまざまな現象、動向について、人間が行う社会的な行為と関連付けて、実地調査や資料・データの分析等を通じて研究する。
510,検疫官（看護師）,observed,0,知らない,3.024,-0.8264831584212929,3.146,-0.009100227658311278,1.902,-1.6944396863254787,3.805,0.6718233444152587,3.0,-0.2572852668787553,4.317,3.6975235032764875,-1.2246769767261025,-2.0305137395931996,3.2639732655425475,-0.03732257446294616,国際線の発着がある空港や港湾で、海外からの入国者・帰国者に対する検疫、感染症を媒介する動物の捕獲調査、国際航行する船舶内の衛生状態の確認等を行い、海外からの感染症の流入やまん延を防ぐ。
